"rules","support","confidence","lift","count"
"{RW=16} => {sex=1}",0.065,0.928571428571429,1.85714285714286,13
"{RW=10} => {sex=0}",0.075,0.789473684210526,1.57894736842105,15
"{RW=14} => {sex=1}",0.085,0.708333333333333,1.41666666666667,17
"{FL=15,RW=13} => {sex=1}",0.05,1,2,10
