"rules","support","confidence","lift","count"
"{} => {sex=[0.000,0.333)}",0.5,0.5,1,100
"{} => {sex=[0.667,1.000]}",0.5,0.5,1,100
"{} => {BD=[11.3,16.4)}",0.51,0.51,1,102
"{} => {FL=[12.5,17.8)}",0.53,0.53,1,106
"{} => {CL=[25.7,36.6)}",0.53,0.53,1,106
"{} => {CW=[29.6,42.1)}",0.555,0.555,1,111
"{} => {RW=[11.1,15.6)}",0.58,0.58,1,116
"{CL=[25.7,36.6)} => {CW=[29.6,42.1)}",0.52,0.981132075471698,1.76780554139045,104
"{CW=[29.6,42.1)} => {CL=[25.7,36.6)}",0.52,0.936936936936937,1.76780554139045,104
