"rules","support","confidence","lift","count"
"{CL=[25.7,36.6)} => {CW=[29.6,42.1)}",0.52,0.981132075471698,1.76780554139045,104
"{CW=[29.6,42.1)} => {CL=[25.7,36.6)}",0.52,0.936936936936937,1.76780554139045,104
