"rules","support","confidence","lift","count"
"{FL=[13.6,16.7),CW=[32.1,39.6)} => {CL=[27.9,34.4)}",0.24,1,3.17460317460317,48
"{CW=[32.1,39.6),BD=[12.3,15.4)} => {CL=[27.9,34.4)}",0.24,0.979591836734694,3.10981535471331,48
"{FL=[13.6,16.7),CW=[32.1,39.6),BD=[12.3,15.4)} => {CL=[27.9,34.4)}",0.225,1,3.17460317460317,45
