"rules","support","confidence","lift","count"
"{CL=[31.2,39.4)} => {CW=[35.9,45.2)}",0.36,0.911392405063291,2.25035161744022,72
"{CW=[35.9,45.2)} => {CL=[31.2,39.4)}",0.36,0.888888888888889,2.25035161744022,72
