"rules","support","confidence","lift","count"
"{index=[25.5,37.8),CL=[31.2,39.4)} => {CW=[35.9,45.2)}",0.2,1,2.46913580246914,40
"{RW=[ 9.93,13.35),CL=[22.9,31.2)} => {CW=[26.5,35.9)}",0.275,1,2.85714285714286,55
"{FL=[11.2,15.2),RW=[ 9.93,13.35),CL=[22.9,31.2)} => {CW=[26.5,35.9)}",0.27,1,2.85714285714286,54
"{RW=[ 9.93,13.35),CL=[22.9,31.2),BD=[ 9.97,13.85)} => {CW=[26.5,35.9)}",0.26,1,2.85714285714286,52
"{FL=[11.2,15.2),RW=[ 9.93,13.35),CL=[22.9,31.2),BD=[ 9.97,13.85)} => {CW=[26.5,35.9)}",0.255,1,2.85714285714286,51
